url,release_date,brand_name,model,gender,len_colorway,main_color,upper_material,technology,len_size,unique,price,days_since_release
https://www.goat.com/sneakers/womens-air-force-1-jsw-306511-141,2003-01-01,Nike,Wmns Air Force 1 JSW 'White University Blue',women,3,White,,Air,38,0,283.0,8160
https://www.goat.com/sneakers/wmns-air-max-1-307168-141,2003-01-01,Nike,Wmns Air Max 1 'Habor Blue',women,7,White,Leather,Air,38,0,671.0,8160
https://www.goat.com/sneakers/air-jordan-12-retro-low-women-s-308306-161,2004-06-22,Air Jordan,Wmns Air Jordan 12 Retro Low 'Real Pink',women,4,White,,Air,38,0,671.0,7622
https://www.goat.com/sneakers/wmns-air-force-1-307109-161,2004-01-01,Nike,Wmns Air Force 1,women,5,White,,Air,38,0,416.0,7795
https://www.goat.com/sneakers/air-jordan-12-retro-women-s-unc-308243-142,2004-02-14,Air Jordan,Wmns Air Jordan 12 Retro 'UNC',women,4,White,,Air,38,0,941.0,7751
https://www.goat.com/sneakers/wmns-air-trainer-max-91-denim-311122-041,2005-07-15,Nike,Wmns Air Trainer Max 91 'Denim',women,3,Blue,,Air,38,0,704.0,7234
https://www.goat.com/sneakers/w-s-air-jordan-retro-13-low-310804-102,2005-05-07,Air Jordan,Wmns Air Jordan 13 Retro Low 'University Blue',women,7,White,Suede,Zoom Air,38,0,388.0,7303
https://www.goat.com/sneakers/w-s-2-14-retro-312274-001,2005-10-22,Air Jordan,Wmns Air Jordan 14 Retro 'Real Pink',women,5,Black,Suede,Zoom Air,38,0,660.0,7135
https://www.goat.com/sneakers/womens-air-jordan-14-retro-312274-161,2005-11-19,Air Jordan,Wmns Air Jordan 14 Retro 'Linen',women,6,White,Leather,Zoom Air,38,1,674.0,7107
https://www.goat.com/sneakers/air-jordan-10-retro-women-s-311770-131,2005-07-23,Air Jordan,Wmns Air Jordan 10 Retro,women,4,White,,Air,38,0,547.0,7226
https://www.goat.com/sneakers/womens-dunk-low-premium-collection-royale-serena-williams-313600-371,2006-01-01,Nike,Wmns Dunk Low Premium 'Collection Royale Serena Williams',women,4,Green,,,38,0,1068.0,7064
https://www.goat.com/sneakers/wmns-dunk-low-metallic-zinc-309324-062,2006-10-05,Nike,Wmns Dunk Low 'Metallic Zinc',women,4,Silver,,,38,0,541.0,6787
https://www.goat.com/sneakers/wmns-air-force-1-premium-314791-951,2006-01-01,Nike,Wmns Air Force 1 Premium,women,4,Purple,,Air,38,0,930.0,7064
https://www.goat.com/sneakers/w-s-dunk-low-premium-309730-511,2006-08-25,Nike,Wmns Dunk Low Premium 'Tricksy',women,3,Green,,,38,0,1705.0,6828
https://www.goat.com/sneakers/womens-air-jordan-14-retro-low-313044-161,2006-03-18,Air Jordan,Wmns Air Jordan 14 Retro Low 'Cerise',women,4,White,Leather,Zoom Air,38,0,185.0,6988
https://www.goat.com/sneakers/w-s-dunk-low-nke-314141-731,2006-05-01,Nike,Wmns Dunk Low Nke,women,2,Grey,,,38,0,374.0,6944
https://www.goat.com/sneakers/air-jordan-5-retro-women-s-sunset-313551-161,2006-09-23,Air Jordan,Wmns Air Jordan 5 Retro 'Sunset',women,4,White,,Air,38,0,417.0,6799
https://www.goat.com/sneakers/womens-2-4-retro-313559-142,2006-07-22,Air Jordan,Wmns Air Jordan 4 Retro 'Linen' 2006,women,5,White,Leather,Air,38,0,716.0,6862
https://www.goat.com/sneakers/air-jordan-5-retro-women-s-313551-061,2006-10-21,Air Jordan,Wmns Air Jordan 5 Retro 'Stealth',women,3,Silver,,Air,38,0,874.0,6771
https://www.goat.com/sneakers/w-s-2-7-retro-313358-172,2006-05-27,Air Jordan,Wmns Air Jordan 7 Retro 'White Varsity Maize',women,3,White,Leather,Air,38,0,415.0,6918
https://www.goat.com/sneakers/wmns-vandal-low-tweed-pack-312492-011,2007-09-20,Nike,Wmns Vandal Low 'Tweed Pack',women,3,Black,Leather,,38,0,178.0,6437
https://www.goat.com/sneakers/w-s-air-force-1-supreme-316118-111,2007-01-01,Nike,Wmns Air Force 1 Supreme,women,3,White,,Air,38,0,155.0,6699
https://www.goat.com/sneakers/wmns-air-force-1-07-team-red-gold-315115-671,2007-11-09,Nike,Wmns Air Force 1 '07 'Team Red Gold',women,4,Red,,Air,38,0,157.0,6387
https://www.goat.com/sneakers/air-jordan-5-retro-low-women-s-314337-101,2007-01-20,Air Jordan,Wmns Air Jordan 5 Retro Low 'White Metallic' 2006,women,4,White,Leather,Air,38,0,431.0,6680
https://www.goat.com/sneakers/w-s-air-force-1-07-315115-031,2007-01-01,Nike,Wmns Air Force 1 '07 'Granite',women,3,Grey,,Air,38,0,112.0,6699
https://www.goat.com/sneakers/w-s-air-jordan-8-retro-low-317251-261,2007-12-22,Air Jordan,Wmns Air Jordan 8 Retro Low 'Dark Cinder',women,3,Brown,Leather,Air,38,0,411.0,6344
https://www.goat.com/sneakers/air-jordan-3-retro-women-s-315296-142,2007-03-03,Air Jordan,Wmns Air Jordan 3 Retro 'Harbor Blue',women,4,White,,Air,38,0,286.0,6638
https://www.goat.com/sneakers/w-s-air-jordan-8-retro-316836-161,2007-09-22,Air Jordan,Wmns Air Jordan 8 Retro 'White Aqua',women,4,White,Leather,Air,38,0,359.0,6435
https://www.goat.com/sneakers/air-jordan-11-retro-low-women-s-ie-316318-071,2007-06-30,Air Jordan,Wmns Air Jordan 11 Retro Low  'IE',women,3,Black,,Air,38,0,217.0,6519
https://www.goat.com/sneakers/w-s-2-8-retro-316836-401,2007-10-20,Air Jordan,Wmns Air Jordan 8 Retro 'Ice Blue',women,5,Blue,Nubuck,Air,38,0,1054.0,6407
https://www.goat.com/sneakers/wmns-air-force-1-low-premium-07-le-floral-318521-011,2008-01-19,Nike,Wmns Air Force 1 Low Premium '07 LE 'Floral',women,6,Grey,,Air,38,0,52.0,6316
https://www.goat.com/sneakers/wmns-air-stab-premium-solar-317806-261,2008-07-01,Nike,Wmns Air Stab Premium 'Solar',women,7,Multi-Color,Mesh,Air,38,0,452.0,6152
https://www.goat.com/sneakers/wmns-dunk-low-white-metallic-gold-314141-162,2008-03-01,Nike,Wmns Dunk Low 'White Metallic Gold',women,6,White,,,38,0,6498.0,6274
https://www.goat.com/sneakers/wmns-air-force-1-low-canvas-318636-811,2008-05-10,Nike,Wmns Air Force 1 Low Canvas,women,4,Orange,,Air,38,0,76.0,6204
https://www.goat.com/sneakers/w-s-air-max-1-319986-001,2008-01-01,Nike,Wmns Air Max 1 'Tartan Plaid',women,4,Black,Fabric,Air,38,0,593.0,6334
https://www.goat.com/sneakers/wmns-dunk-low-white-orange-blaze-317813-181,2008-01-01,Nike,Wmns Dunk Low 'White Orange Blaze',women,5,White,,,38,0,348.0,6334
https://www.goat.com/sneakers/wmns-air-max-90-easter-312052-171,2008-01-13,Nike,Wmns Air Max 90 'Easter',women,7,White,,Air,38,0,291.0,6322
https://www.goat.com/sneakers/wmns-air-force-1-07-vivid-blue-315115-413,2008-06-28,Nike,Wmns Air Force 1 '07 'Vivid Blue',women,3,Blue,,Air,38,0,64.0,6155
https://www.goat.com/sneakers/wmns-air-force-1-07-varsity-purple-315115-511,2008-08-30,Nike,Wmns Air Force 1 '07 'Varsity Purple',women,3,Purple,,Air,38,0,287.0,6092
https://www.goat.com/sneakers/wmns-dunk-low-cl-chile-317815-661,2008-11-30,Nike,Wmns Dunk Low CL 'Chile',women,0,Red,Leather,,38,0,212.0,6000
https://www.goat.com/sneakers/wmns-big-nike-high-white-persian-coral-358858-151,2009-05-11,Nike,Wmns Big Nike High 'White Persian Coral',women,5,White,,,38,0,899.0,5838
https://www.goat.com/sneakers/wmns-dunk-low-cl-grand-purple-317815-511,2009-01-01,Nike,Wmns Dunk Low CL 'Grand Purple',women,4,Purple,,,38,0,218.0,5968
https://www.goat.com/sneakers/wmns-dunk-high-6-0-pure-purple-cyan-coral-342257-541,2009-02-25,Nike,Wmns Dunk High 6.0 'Pure Purple Cyan Coral',women,6,Multi-Color,Leather,,38,0,224.0,5913
https://www.goat.com/sneakers/wmns-air-force-1-07-varsity-maize-315115-713,2009-01-24,Nike,Wmns Air Force 1 '07 'Varsity Maize',women,5,Yellow,,Air,38,0,150.0,5945
https://www.goat.com/sneakers/wmns-dunk-high-premium-multi-color-317814-111,2009-01-01,Nike,Wmns Dunk High Premium 'Multi-Color',women,6,Multi-Color,Leather,,38,0,309.0,5968
https://www.goat.com/sneakers/w-s-zoom-soldier-3-breast-cancer-awareness-367185-914,2009-09-17,Nike,Wmns Zoom LeBron Soldier 3 'Breast Cancer Awareness',women,4,White,,Air,38,0,470.0,5709
https://www.goat.com/sneakers/wmns-dunk-high-bright-peach-318676-801,2009-05-26,Nike,Wmns Dunk High 'Bright Peach',women,4,Pink,Leather,,38,0,124.0,5823
https://www.goat.com/sneakers/wmns-992-made-in-usa-2e-wide-white-sky-blue-w992bw-2e,2010-01-01,New Balance,Wmns 992 Made in USA 2E Wide 'White Sky Blue',women,3,White,Leather,ABZORB,24,0,141.0,5603
https://www.goat.com/sneakers/w-s-air-max-1-319986-331,2010-03-22,Nike,Wmns Air Max 1 'Julep Silver',women,5,Multi-Color,Mesh,Air,38,0,264.0,5523
https://www.goat.com/sneakers/wmns-superstar-c77153,2011-12-14,adidas,Wmns Superstar 'OG',women,5,White,,,26,0,87.0,4891
https://www.goat.com/sneakers/wmns-dunk-high-skinny-doernbecher-507382-164,2011-11-04,Nike,Wmns Dunk High Skinny 'Doernbecher',women,5,Purple,,,38,0,1331.0,4931
https://www.goat.com/sneakers/wmns-lunarglide-3-city-pack-beijing-482930-017,2011-09-01,Nike,Wmns LunarGlide+ 3 'City Pack - Beijing',women,4,Black,Mesh,Lunarlon,38,0,156.0,4995
https://www.goat.com/sneakers/wmns-air-max-1-retro-sport-red-319986-400,2011-01-23,Nike,Wmns Air Max 1 'Retro Sport Red',women,4,Teal,Suede,Air,38,0,107.0,5216
https://www.goat.com/sneakers/wmns-gel-blur33-2-0-brazil-flag-t29hq-5995,2012-07-03,ASICS,Wmns Gel Blur33 2.0 'Brazil Flag',women,4,Blue,,Gel,20,0,81.0,4689
https://www.goat.com/sneakers/wmns-dunk-sky-hi-city-fw-qs-paris-598216-100,2012-10-17,Nike,Wmns Dunk Sky Hi City FW QS 'Paris',women,3,White,,,38,0,678.0,4583
https://www.goat.com/sneakers/w-s-air-max-1-leopard-pack-319986-099,2012-10-01,Nike,Wmns Air Max 1 'Grey Leopard',women,4,Grey,Suede,Air,38,0,243.0,4599
https://www.goat.com/sneakers/w-s-air-max-1-319986-026,2012-10-01,Nike,Wmns Air Max 1 'Leopard',women,6,Black,Suede,Air,38,0,313.0,4599
https://www.goat.com/sneakers/wmns-kobe-8-system-id-586181-xxx,2012-12-20,Nike,Wmns Kobe 8 iD,women,2,Multi-Color,Mesh,Lunarlon,38,0,402.0,4519
https://www.goat.com/sneakers/wmns-purecadence-scuba-blue-barberry-120104-1b-473,2012-01-01,Brooks,Wmns PureCadence 'Scuba Blue Barberry',women,3,Blue,Mesh,,17,0,226.0,4873
https://www.goat.com/sneakers/wmns-adrenaline-gts-13-atomic-blue-diva-pink-120123-1b-446,2012-01-01,Brooks,Wmns Adrenaline GTS 13 'Atomic Blue Diva Pink',women,5,Blue,Mesh,BioMoGo,17,0,167.0,4873
https://www.goat.com/sneakers/wmns-dunk-super-sky-high-premium-reflect-silver-616738-001,2013-11-04,Nike,Wmns Dunk Super Sky High Premium 'Reflect Silver',women,5,Silver,,,38,0,110.0,4200
https://www.goat.com/sneakers/wmns-free-5-0-violet-force-bright-citrus-580591-580,2013-03-28,Nike,Wmns Free 5.0+ 'Violet Force Bright Citrus',women,5,Purple,Mesh,Free,38,0,167.0,4421
https://www.goat.com/sneakers/liberty-of-london-x-wmns-dunk-sky-high-sneakerboot-qs-solar-red-bandana-632180-006,2013-11-29,Nike,Liberty of London x Wmns Dunk Sky High Sneakerboot QS 'Solar Red Bandana',women,4,Black,Leather,,38,0,266.0,4175
https://www.goat.com/sneakers/wmns-dunk-sky-high-pale-grey-528899-003,2013-07-01,Nike,Wmns Dunk Sky High 'Pale Grey',women,4,Grey,Suede,,38,0,355.0,4326
https://www.goat.com/sneakers/wmns-dunk-sky-hi-city-fw-qs-milan-598216-200,2013-03-27,Nike,Wmns Dunk Sky Hi City FW QS 'Milan',women,3,Brown,Leather,,38,0,149.0,4422
https://www.goat.com/sneakers/wmns-flyknit-air-max-multi-color-620659-015,2013-12-27,Nike,Wmns Flyknit Air Max 'Multi-Color',women,4,Multi-Color,Flyknit,,38,0,114.0,4147
https://www.goat.com/sneakers/w-s-rosherun-pwm-n7-n7-635504-014,2013-10-26,Nike,Wmns Rosherun Pwm N7 'N7',women,4,Black,,,38,0,157.0,4209
https://www.goat.com/sneakers/w-s-rosherun-db-db-638960-030,2013-11-23,Nike,Wmns Rosherun DB 'Doernbecher',women,4,Black,,,38,1,122.0,4181
https://www.goat.com/sneakers/wmns-dunk-sky-high-city-fw-qs-london-598216-001,2013-03-27,Nike,Wmns Dunk Sky High City FW QS 'London',women,4,Red,Textile,,38,0,542.0,4422
https://www.goat.com/sneakers/w-s-1-air-max-1-lib-qs-540855-006,2013-11-29,Nike,Liberty of London x Wmns Air Max 1 QS 'Black Paisley',women,5,Black,,Air,38,1,472.0,4175
https://www.goat.com/sneakers/womens-air-force-1-307109-001,2013-12-21,Nike,Wmns Air Force 1,women,3,Black,,Air,38,0,669.0,4153
https://www.goat.com/sneakers/wmns-dunk-sky-high-city-fw-qs-new-york-city-598216-002,2013-03-26,Nike,Wmns Dunk Sky High City FW QS 'New York City',women,4,Black,Leather,,38,0,234.0,4423
https://www.goat.com/sneakers/wmns-air-max-1-linen-319986-202,2013-10-20,Nike,Wmns Air Max 1 'Linen',women,5,Tan,Fabric,Air,38,0,143.0,4215
https://www.goat.com/sneakers/wmns-pureconnect-2-anthracite-green-gecko-120132-1b-351,2013-01-01,Brooks,Wmns PureConnect 2 'Anthracite Green Gecko',women,6,Black,Mesh,BioMoGo,17,0,179.0,4507
https://www.goat.com/sneakers/wmns-pureconnect-2-scuba-blue-jasmine-green-120132-1b-438,2013-01-01,Brooks,Wmns PureConnect 2 'Scuba Blue Jasmine Green',women,6,Blue,Mesh,BioMoGo,17,0,167.0,4507
https://www.goat.com/sneakers/wmns-glycerin-11-sterling-pomegranate-120137-1b-376,2013-01-01,Brooks,Wmns Glycerin 11 'Sterling Pomegranate',women,3,Grey,Mesh,DNA,17,0,225.0,4507
https://www.goat.com/sneakers/wmns-ravenna-4-green-gecko-pink-glow-120125-1b-317,2013-01-01,Brooks,Wmns Ravenna 4 'Green Gecko Pink Glow',women,5,Green,Mesh,BioMoGo,17,0,167.0,4507
https://www.goat.com/sneakers/wmns-ravenna-4-tile-blue-lime-punch-120125-1b-705,2013-01-01,Brooks,Wmns Ravenna 4 'Tile Blue Lime Punch',women,7,Blue,Mesh,BioMoGo,17,0,167.0,4507
https://www.goat.com/sneakers/wmns-glycerin-11-burnt-pink-denim-120137-1b-813,2013-01-01,Brooks,Wmns Glycerin 11 'Burnt Pink Denim',women,6,Pink,Mesh,DNA,17,0,167.0,4507
https://www.goat.com/sneakers/wmns-ravenna-4-cactus-flower-nightlife-120125-1b-612,2013-01-01,Brooks,Wmns Ravenna 4 'Cactus Flower Nightlife',women,6,Purple,Mesh,BioMoGo,17,0,167.0,4507
https://www.goat.com/sneakers/wmns-roshe-run-canyon-grey-teal-511882-012,2013-10-06,Nike,Wmns Roshe Run 'Canyon Grey Teal',women,7,Grey,Mesh,,38,0,179.0,4229
https://www.goat.com/sneakers/wmns-air-max-1-dark-loden-violet-frost-319986-302,2013-10-01,Nike,Wmns Air Max 1 'Dark Loden Violet Frost',women,7,Green,Wool,Air,38,0,169.0,4234
https://www.goat.com/sneakers/loewe-wmns-flow-runner-2-0-gradient-blue-lilac-llsr282x12-4863,2013-05-21,Loewe,Loewe Wmns Flow Runner 2.0 'Gradient Blue Lilac',women,3,Blue,Nylon,,23,0,1125.0,4367
https://www.goat.com/sneakers/wmns-terminator-lite-high-gym-red-white-599435-102,2013-09-10,Nike,Wmns Terminator Lite High 'Gym Red White',women,5,Red,Suede,,38,0,52.0,4255
https://www.goat.com/sneakers/wmns-95-court-pack-white-black-1vb90072-110,2014-11-20,Fila,Wmns 95 'Court Pack - White Black',women,3,White,Leather,,18,0,161.0,3819
https://www.goat.com/sneakers/wmns-air-max-lunar-1-natural-grey-royal-654937-100,2014-07-16,Nike,Wmns Air Max Lunar 1 'Natural Grey Royal',women,6,White,,Air,38,0,101.0,3946
https://www.goat.com/sneakers/riccardo-tisci-x-wmns-air-force-1-boot-sp-rt-669918-029,2014-07-17,Nike,Riccardo Tisci x Wmns Air Force 1 Boot SP RT 'Black Brown',women,3,Black,,Air,38,0,2647.0,3945
https://www.goat.com/sneakers/wmns-ultra-boost-b34051,2014-08-05,adidas,Wmns UltraBoost 1.0 'Flash Pink',women,7,Pink,Primeknit,Boost,26,0,128.0,3926
https://www.goat.com/sneakers/w-s-rosherun-fv-qs-667392-001,2014-07-11,Nike,Flavio Samelo x Jayelle Hudson x Wmns Roshe Run QS 'Pulso Forte',women,3,Black,Mesh,,38,0,143.0,3951
https://www.goat.com/sneakers/w-s-air-max-1-prm-454746-103,2014-01-04,Nike,Wmns Air Max 1 Premium 'Glacier Ice Grey' European Exclusive,women,6,White,Leather,Air,38,0,179.0,4139
https://www.goat.com/sneakers/wmns-air-force-1-high-fw-qs-paris-704010-400,2014-10-30,Nike,Wmns Air Force 1 High FW QS 'Paris',women,6,Blue,,Air,38,0,212.0,3840
https://www.goat.com/sneakers/w-s-air-max-1-cut-out-prm-bronze-pack-644398-900,2014-07-10,Nike,Wmns Air Max 1 Cut Out Prm 'Bronze',women,8,Brown,,Air,38,0,143.0,3952
https://www.goat.com/sneakers/nike-air-max-1-women-s-shoe-319986-606,2014-09-23,Nike,Wmns Air Max 1 'Deep Burgundy Action Red',women,6,Red,Suede,Air,38,0,106.0,3877
https://www.goat.com/sneakers/wmns-air-max-1-qs-party-pack-633737-001,2014-01-20,Nike,Wmns Air Max 1 QS 'Party Pack',women,6,Blue,,Air,38,0,173.0,4123
https://www.goat.com/sneakers/nike-air-max-1-women-s-shoe-319986-030,2014-10-27,Nike,Wmns Air Max 1 'Black Volt',women,4,Black,Leather,Air,38,0,,3843
https://www.goat.com/sneakers/wmns-air-max-1-cut-out-premium-magnetic-field-644398-001,2014-02-15,Nike,Wmns Air Max 1 Cut Out Premium 'Magnetic Field',women,8,Grey,Leather,Air,38,0,88.0,4097
https://www.goat.com/sneakers/wmns-air-max-lunar-90-c3-0-hyper-pink-631762-602,2014-08-19,Nike,Wmns Air Max Lunar 90 C3.0 'Hyper Pink',women,6,Pink,Mesh,Lunarlon,38,0,155.0,3912
https://www.goat.com/sneakers/wmns-free-5-0-bright-grape-642199-501,2014-04-07,Nike,Wmns Free 5.0 'Bright Grape',women,7,Purple,Mesh,Free,38,0,167.0,4046
https://www.goat.com/sneakers/wmns-flyknit-max-atomic-purple-total-orange-620659-500,2014-05-19,Nike,Wmns Flyknit Max 'Atomic Purple Total Orange',women,7,Purple,Flyknit,Air,38,0,262.0,4004
https://www.goat.com/sneakers/wmns-gel-lyte-3-lovers-and-haters-h460n-9090,2014-01-02,ASICS,Wmns Gel Lyte 3 'Lovers and Haters',women,2,Black,,Gel,20,0,94.0,4141
https://www.goat.com/sneakers/undercover-x-wmns-dunk-sky-high-sp-white-717122-100,2014-10-29,Nike,Undercover x Wmns Dunk Sky High SP 'White',women,3,White,Faux Fur,,38,0,124.0,3841
https://www.goat.com/sneakers/wmns-society-2-orchid-flower-sw34114,2014-03-17,Supra,Wmns Society 2 'Orchid Flower',women,3,Pink,Nylon,,18,0,160.0,4067
https://www.goat.com/sneakers/wmns-adrenaline-gts-14-sterling-purple-cactus-120151-1b-509,2014-01-01,Brooks,Wmns Adrenaline GTS 14 'Sterling Purple Cactus',women,5,Grey,Mesh,BioMoGo,17,0,173.0,4142
https://www.goat.com/sneakers/wmns-adrenaline-gts-14-black-120151-1b-909,2014-01-01,Brooks,Wmns Adrenaline GTS 14 'Black',women,3,Black,Mesh,BioMoGo,17,0,167.0,4142
https://www.goat.com/sneakers/wmns-adrenaline-gts-15-hawaiian-ocean-hollyhock-120174-1b-498,2014-01-01,Brooks,Wmns Adrenaline GTS 15 'Hawaiian Ocean Hollyhock',women,5,Blue,Mesh,BioMoGo,17,0,167.0,4142
https://www.goat.com/sneakers/wmns-roshe-run-red-violet-511882-502,2014-01-01,Nike,Wmns Roshe Run 'Red Violet',women,7,Pink,Mesh,,38,0,179.0,4142
https://www.goat.com/sneakers/wmns-air-max-90-essential-base-grey-diffused-jade-616730-003,2014-06-14,Nike,Wmns Air Max 90 Essential 'Base Grey Diffused Jade',women,7,Grey,Mesh,Air,38,0,747.0,3978
https://www.goat.com/sneakers/wmns-574-stadium-jacket-pack-lakers-wl574sjk,2014-01-21,New Balance,Wmns 574 'Stadium Jacket Pack - Lakers',women,2,Purple,Suede,ENCAP,24,0,316.0,4122
https://www.goat.com/sneakers/wmns-flyknit-chukka-sneakerboot-805093-603,2015-11-05,Nike,Wmns Flyknit Chukka SneakerBoot,women,4,Red,,,38,0,240.0,3469
https://www.goat.com/sneakers/nike-flyknit-lunar-3-women-s-running-shoe-698182-003,2015-02-12,Nike,Wmns Flyknit Lunar 3 'Pink Pow',women,4,Black,,,38,0,,3735
https://www.goat.com/sneakers/johanna-schneider-x-wmns-zoom-fit-agility-sail-745242-100,2015-08-13,Nike,Johanna Schneider x Wmns Zoom Fit Agility 'Sail',women,5,White,,Zoom Air,38,0,261.0,3553
https://www.goat.com/sneakers/wmns-free-tr5-db-839122-540,2015-11-21,Nike,Wmns Free TR5 'DB',women,0,Blue,,,38,0,118.0,3453
https://www.goat.com/sneakers/liberty-of-london-x-wmns-tennis-classic-ultra-qs-merlin-745982-100,2015-04-23,Nike,Liberty Of London x Wmns Tennis Classic Ultra QS 'Merlin',women,3,Multi-Color,,,38,0,321.0,3665
https://www.goat.com/sneakers/rita-ora-x-wmns-superstar-slip-on-black-s74986,2015-08-01,adidas,Rita Ora x Wmns Superstar Slip-On 'Black',women,6,Black,Mesh,,26,0,170.0,3565
https://www.goat.com/sneakers/wmns-flyknit-air-max-oreo-620659-102,2015-03-30,Nike,Wmns Flyknit Air Max 'Oreo',women,6,White,Flyknit,Air,38,0,94.0,3689
https://www.goat.com/sneakers/wmns-flyknit-zoom-agility-698616-002,2015-02-12,Nike,Wmns Flyknit Zoom Agility,women,4,Multi-Color,,,38,0,124.0,3735
https://www.goat.com/sneakers/wmns-air-huarache-run-print-725076-500,2015-08-06,Nike,Wmns Air Huarache Run Print,women,3,Purple,,,38,0,82.0,3560
https://www.goat.com/sneakers/w-s-air-huarache-run-634835-006,2015-02-06,Nike,Wmns Air Huarache Run 'Black White',women,2,Black,,,38,0,124.0,3741
https://www.goat.com/sneakers/wmns-ulta-boost-sun-glow-aq5166,2015-11-23,adidas,Wmns UltraBoost 2.0 'Sun Glow',women,6,Multi-Color,Primeknit,Boost,26,0,70.0,3451
https://www.goat.com/sneakers/wmns-ultra-boost-grey-s77515,2015-08-01,adidas,Wmns UltraBoost 1.0 'Wool Grey',women,5,Grey,Primeknit,Boost,26,0,247.0,3565
https://www.goat.com/sneakers/wmns-nikelab-x-sacai-dunk-lux-776446-001,2015-12-31,Nike,sacai x Wmns NikeLab x Dunk Lux 'Wolf Grey',women,5,White,Leather,,38,0,417.0,3413
https://www.goat.com/sneakers/w-s-ultra-boost-triple-white-s77513,2015-06-01,adidas,Wmns UltraBoost 1.0 'Triple White',women,6,White,Primeknit,Boost,26,0,166.0,3626
https://www.goat.com/sneakers/wmns-nikelab-x-sacai-dunk-lux-776446-440,2015-12-31,Nike,sacai x Wmns NikeLab Dunk Lux 'Dark Obsidian',women,6,Grey,,,38,0,348.0,3413
https://www.goat.com/sneakers/w-s-air-huarache-run-bronzine-634835-700,2015-01-03,Nike,Wmns Air Huarache Run 'Bronzine',women,2,Brown,,,38,0,122.0,3775
https://www.goat.com/sneakers/wmns-ultra-boost-clear-green-af5140,2015-11-13,adidas,Wmns UltraBoost 2.0 'Clear Green',women,4,Teal,Primeknit,Boost,26,0,124.0,3461
https://www.goat.com/sneakers/wmns-dunk-sky-high-essential-desert-camo-644877-200,2015-09-16,Nike,Wmns Dunk Sky High Essential 'Desert Camo',women,4,Brown,,,38,0,515.0,3519
https://www.goat.com/sneakers/wmns-ultra-boost-b27172,2015-03-18,adidas,Wmns UltraBoost 1.0 'OG',women,5,Black,Primeknit,Boost,26,0,339.0,3701
https://www.goat.com/sneakers/wmns-dunk-sky-hi-2-0-sneakerboot-807401-300,2015-11-05,Nike,Wmns Dunk Sky High 2.0 SneakerBoot,women,5,Green,,,38,0,260.0,3469
https://www.goat.com/sneakers/wmns-air-huarache-run-all-red-634835-601,2015-11-09,Nike,Wmns Air Huarache Run 'All Red',women,4,Red,,,38,0,88.0,3465
https://www.goat.com/sneakers/sacai-x-nikelab-dunk-high-776446-117,2015-06-10,Nike,Sacai x Wmns NikeLab Dunk High,women,3,White,,,38,0,232.0,3617
https://www.goat.com/sneakers/wmns-nikelab-x-sacai-dunk-lux-776446-441,2015-12-31,Nike,sacai x Wmns NikeLab Dunk Lux 'Midnight Navy',women,5,White,Leather,,38,0,87.0,3413
https://www.goat.com/sneakers/sacai-x-nikelab-wmns-air-max-90-sp-804550-110,2015-06-18,Nike,Sacai x NikeLab Wmns Air Max 90 SP 'Laceless',women,3,White,,Air,38,0,270.0,3609
https://www.goat.com/sneakers/wmns-air-huarache-run-se-859429-002,2016-11-23,Nike,Wmns Air Huarache Run SE 'Metallic Silver',women,3,Silver,,,38,0,106.0,3085
https://www.goat.com/sneakers/yeezy-wmns-crepe-boot-kw1015-004,2016-06-06,Yeezy,Season 2 Wmns Crepe Boot 'Taupe',women,1,Tan,Suede,Crepe,21,0,696.0,3255
https://www.goat.com/sneakers/wmns-suede-platform-gold-362222-02,2016-05-20,Puma,Wmns Suede Platform 'Gold',women,5,Black,,,24,0,86.0,3272
https://www.goat.com/sneakers/rihanna-x-fenty-trainer-189695-03,2016-02-26,Puma,Fenty x Wmns Trainer 'Red',women,2,Red,,,24,0,501.0,3356
https://www.goat.com/sneakers/rihanna-x-fenty-trainer-189695-04,2016-06-14,Puma,Fenty x Wmns Trainer 'Quarry',women,1,Grey,,,24,0,218.0,3247
https://www.goat.com/sneakers/wmns-metcon-2-platinum-green-blue-821913-003,2016-02-01,Nike,Wmns Metcon 2 'Platinum Green Blue',women,8,Blue,,,38,0,2857.0,3381
https://www.goat.com/sneakers/wmns-tubular-strap-b39364,2016-08-24,adidas,Wmns Tubular Strap,women,6,Pink,,,26,0,452.0,3176
https://www.goat.com/sneakers/rihanna-x-fenty-trainer-189695-02,2016-02-26,Puma,Fenty x Wmns Trainer 'RiRi',women,2,White,,,24,0,58.0,3356
https://www.goat.com/sneakers/lunarcharge-premium-le-923286-500,2016-12-09,Nike,Wmns Lunarcharge Premium LE 'Iced Lilac',women,5,Pink,,,38,0,,3069
https://www.goat.com/sneakers/riccardo-tisci-x-nikelab-wmns-free-train-force-flyknit-844818-100,2016-07-07,Nike,Riccardo Tisci x NikeLab Wmns Free Train Force Flyknit,women,2,White,,,38,0,105.0,3224
https://www.goat.com/sneakers/wmns-lunarepic-low-flyknit-unlimited-844863-999,2016-08-04,Nike,Wmns LunarEpic Low Flyknit 'Unlimited',women,2,Multi-Color,,,38,1,,3196
https://www.goat.com/sneakers/wmns-lupinek-flyknit-862512-001,2016-11-03,Nike,Wmns Lupinek Flyknit,women,2,Black,,,38,0,155.0,3105
https://www.goat.com/sneakers/wmns-huarache-ultra-low-doernbecher-898634-700,2016-12-17,Nike,Wmns Huarache Ultra Low 'Doernbecher',women,2,Green,,,38,0,315.0,3061
https://www.goat.com/sneakers/reigning-champ-x-wmns-pure-boost-x-training-b39255,2016-11-29,adidas,Reigning Champ x Wmns PureBoost X Training 'Black',women,6,Black,,,26,0,,3079
https://www.goat.com/sneakers/leadcat-fenty-pink-362266-04,2016-04-21,Puma,Fenty x Wmns Leadcat Slide 'Pink',women,3,Pink,,,24,0,371.0,3301
https://www.goat.com/sneakers/leadcat-fenty-white-362266-02,2016-04-21,Puma,Fenty x Wmns Leadcat Slide 'White',women,2,White,,,24,1,157.0,3301
https://www.goat.com/sneakers/riccardo-tisci-x-nikelab-wmns-free-transform-flyknit-sun-844818-900,2016-08-07,Nike,Riccardo Tisci x NikeLab Wmns Free Transform Flyknit 'Multi Color',women,4,Multi-Color,,,38,0,93.0,3193
https://www.goat.com/sneakers/leadcat-fenty-black-362266-03,2016-04-21,Puma,Fenty x Wmns Leadcat Slide 'Black',women,3,Black,,,24,0,394.0,3301
https://www.goat.com/sneakers/leadcat-fenty-grey-362266-09,2016-08-05,Puma,Fenty x Wmns Leadcat Slide 'Grey',women,2,Grey,,,16,1,282.0,3195
https://www.goat.com/sneakers/wmns-air-huarache-txt-bleached-lilac-818597-500,2016-02-08,Nike,Wmns Air Huarache TXT 'Bleached Lilac',women,4,Pink,,,38,0,,3374
https://www.goat.com/sneakers/wmns-ultra-boost-triple-white-2-0-aq5934,2016-04-29,adidas,Wmns UltraBoost 2.0 'Triple White',women,9,White,,Boost,26,0,174.0,3293
https://www.goat.com/sneakers/wmns-lunarglide-8-blue-glow-843726-401,2016-07-19,Nike,Wmns LunarGlide 8 'Blue Glow',women,7,Blue,,Lunarlon,38,0,64.0,3212
https://www.goat.com/sneakers/wmns-air-huarache-run-634835-108,2016-08-28,Nike,Wmns Air Huarache Run 'Triple White',women,2,White,,,38,0,106.0,3172
https://www.goat.com/sneakers/wmns-air-huarache-run-atomic-pink-634835-603,2016-04-21,Nike,Wmns Air Huarache Run 'Atomic Pink',women,4,Pink,,,38,0,167.0,3301
https://www.goat.com/sneakers/wmns-tubular-defiant-pk-sun-glow-bb5141,2017-04-22,adidas,Wmns Tubular Defiant PK 'Sun Glow',women,4,Orange,,,26,0,76.0,2935
https://www.goat.com/sneakers/wmns-air-sock-racer-ultra-flyknit-896447-002,2017-04-27,Nike,Wmns Air Sock Racer Ultra Flyknit 'Oreo',women,3,Black,,,38,0,68.0,2930
https://www.goat.com/sneakers/wmns-air-zoom-fearless-flyknit-black-850426-001,2017-06-17,Nike,Wmns Air Zoom Fearless Flyknit 'Black',women,2,Black,Flyknit,Air,38,0,143.0,2879
https://www.goat.com/sneakers/wmns-special-field-air-force-1-triple-black-857872-002,2017-11-24,Nike,Wmns SF Air Force 1 High 'Triple Black',women,2,Black,,Air,38,0,325.0,2719
https://www.goat.com/sneakers/wmns-platform-lux-black-364913-03,2017-08-07,Puma,Wmns Platform LUX 'Black',women,2,Black,,,24,0,74.0,2828
https://www.goat.com/sneakers/wmns-suede-platform-strap-deep-purple-364586-02,2017-01-01,Puma,Wmns Suede Platform Strap 'Deep Purple',women,5,Purple,Leather,,24,0,118.0,3046
https://www.goat.com/sneakers/wmns-athletic-black-cg2711,2017-11-11,adidas,Wmns Athletic 'Black',women,2,Black,Mesh,,26,0,75.0,2732
https://www.goat.com/sneakers/wmns-flex-trainer-7-wide-black-898781-001,2017-09-08,Nike,Wmns Flex Trainer 7 Wide 'Black',women,3,Black,Mesh,,38,0,133.0,2796
https://www.goat.com/sneakers/wmns-ck-racer-anthracite-916792-001,2017-10-24,Nike,Wmns CK Racer 'Anthracite',women,3,Black,,,38,0,106.0,2750
https://www.goat.com/sneakers/wmns-force-sky-high-black-metallic-silver-629746-012,2017-01-01,Nike,Wmns Force Sky High 'Black Metallic Silver',women,4,Black,Leather,,38,0,487.0,3046
https://www.goat.com/sneakers/wmns-flex-trainer-7-black-898479-001,2017-06-17,Nike,Wmns Flex Trainer 7 'Black',women,5,Black,Mesh,,38,0,124.0,2879
https://www.goat.com/sneakers/wmns-flashback-cq1969,2017-01-01,adidas,Wmns Flashback,women,6,Red,,,26,0,60.0,3046
https://www.goat.com/sneakers/wmns-swift-run-primeknit-cg4134,2017-07-27,adidas,Wmns Swift Run Primeknit 'Icey Pink',women,6,Pink,Primeknit,,26,0,109.0,2839
https://www.goat.com/sneakers/wmns-flashback-primeknit-yellow-by9912,2017-10-21,adidas,Wmns Flashback Primeknit 'Yellow',women,2,Yellow,Primeknit,,26,0,137.0,2753
https://www.goat.com/sneakers/wmns-flex-trainer-7-stealth-pink-898479-006,2017-07-01,Nike,Wmns Flex Trainer 7 'Stealth Pink',women,5,Grey,Mesh,,38,0,568.0,2865
https://www.goat.com/sneakers/wmns-air-sock-racer-ultra-flyknit-896447-004,2017-04-27,Nike,Wmns Air Sock Racer Ultra Flyknit 'Black Racer Pink',women,3,Pink,,,38,0,,2930
https://www.goat.com/sneakers/wmns-flashback-ba7760,2017-01-01,adidas,Wmns Flashback,women,5,White,,,26,0,106.0,3046
https://www.goat.com/sneakers/wmns-tanjun-sandal-black-white-882694-001,2017-06-05,Nike,Wmns Tanjun Sandal 'Black White',women,2,Brown,,,26,0,76.0,2891
https://www.goat.com/sneakers/wmns-flashback-primeknit-navy-by9911,2017-10-21,adidas,Wmns Flashback Primeknit 'Navy',women,1,Blue,Primeknit,,26,0,68.0,2753
https://www.goat.com/sneakers/wmns-suede-heart-safari-black-364083-03,2017-07-15,Puma,Wmns Suede Heart 'Safari - Black',women,2,Black,Suede,,24,0,117.0,2851
https://www.goat.com/sneakers/wmns-flashback-by9301,2017-01-01,adidas,Wmns Flashback 'Raw Pink',women,5,Pink,,,26,0,70.0,3046
https://www.goat.com/sneakers/rihanna-x-fenty-chelsea-sneaker-boot-vanilla-ice-366266-02,2017-11-02,Puma,Fenty x Wmns Chelsea Sneaker Boot 'Vanilla Ice',women,2,White,,,24,0,174.0,2741
https://www.goat.com/sneakers/rihanna-x-fenty-chelsea-sneaker-boot-sterline-blue-366266-01,2017-11-02,Puma,Fenty x Wmns Chelsea Sneaker Boot 'Sterling Blue',women,2,Blue,,,24,0,257.0,2741
https://www.goat.com/sneakers/wmns-swift-run-icey-pink-cg4140,2017-07-27,adidas,Wmns Swift Run 'Icey Pink',women,4,Grey,,,26,0,1810.0,2839
https://www.goat.com/sneakers/wmns-rs-x-toys-bright-peach-370750-07,2018-03-11,Puma,Wmns RS-X Toys 'Bright Peach',women,5,Red,,,24,0,224.0,2612
https://www.goat.com/sneakers/wmns-cali-velvet-black-369887-02,2018-12-20,Puma,Wmns Cali 'Velvet Black',women,4,Black,,,24,0,94.0,2328
https://www.goat.com/sneakers/wmns-muse-maia-street-knockout-pink-367355-02,2018-08-09,Puma,Wmns Muse Maia Street 'Knockout Pink',women,5,Pink,,,24,0,253.0,2461
https://www.goat.com/sneakers/wmns-air-vapormax-97-metallic-cashmere-ao4542-900,2018-03-15,Nike,Wmns Air VaporMax 97 'Metallic Cashmere',women,3,White,,,38,0,452.0,2608
https://www.goat.com/sneakers/originals-arkyn-db1980,2018-05-12,adidas,Wmns Arkyn 'Dark Blue',women,4,Blue,,,26,1,94.0,2550
https://www.goat.com/sneakers/naked-x-wmns-991-made-in-england-w991nps,2018-05-25,New Balance,Naked x Wmns 991 'Made In England',women,2,Pink,,ABZORB,24,0,510.0,2537
https://www.goat.com/sneakers/mac-x-wmns-lady-danger-suede-368014-01,2018-05-17,Puma,MAC x Wmns Suede 'Lady Danger',women,3,Red,,,24,1,88.0,2545
https://www.goat.com/sneakers/wmns-sambarose-cloud-white-aq1134,2018-06-05,adidas,Wmns Sambarose 'Cloud White',women,5,White,,,26,0,222.0,2526
https://www.goat.com/sneakers/free-rn-flyknit-2018-white-black-942839-101,2018-02-20,Nike,Wmns Free RN Flyknit 2018 'White Black',women,2,White,,Free,38,0,94.0,2631
https://www.goat.com/sneakers/wmns-vapormax-moc-2-terra-blush-aj6599-201,2018-08-16,Nike,Wmns VaporMax Moc 2 'Terra Blush',women,5,Orange,,Air,38,0,424.0,2454
https://www.goat.com/sneakers/wmns-free-rn-flyknit-2018-black-942839-001,2018-04-01,Nike,Wmns Free RN Flyknit 2018 'Black',women,2,Black,Flyknit,Free,38,0,137.0,2591
https://www.goat.com/sneakers/wmns-nmd_r1-primeknit-stlt-linen-cq2030,2018-02-14,adidas,Wmns NMD_R1 STLT Primeknit 'Linen',women,2,Cream,Primeknit,Boost,26,0,108.0,2637
https://www.goat.com/sneakers/sf-air-force-1-high-triple-black-857872-005,2018-04-27,Nike,Wmns SF Air Force 1 High 'Triple Black',women,2,Black,,,38,0,217.0,2565
https://www.goat.com/sneakers/wmns-thunder-desert-particle-beige-368024-01,2018-08-02,Puma,Wmns Thunder Desert 'Particle Beige',women,4,Tan,,,24,0,98.0,2468
https://www.goat.com/sneakers/wmns-air-max-plus-se-just-do-it-862201-800,2018-08-02,Nike,Wmns Air Max Plus SE 'Just Do It',women,3,Orange,,Air,38,0,100.0,2468
https://www.goat.com/sneakers/wmns-adilette-comfort-chalk-coral-b43528,2018-07-13,adidas,Wmns Adilette Comfort 'Chalk Coral',women,4,Pink,Synthetic,,26,0,109.0,2488
https://www.goat.com/sneakers/wmns-platform-slide-black-whisper-white-366121-04,2018-01-25,Puma,Wmns Platform Slide 'Black Whisper White',women,3,Black,,,24,0,52.0,2657
https://www.goat.com/sneakers/wmns-air-alluxe-premium-sail-at9914-100,2018-12-22,Nike,Wmns Air Alluxe Premium 'Sail',women,4,Silver,Mesh,Air,38,0,137.0,2326
https://www.goat.com/sneakers/wmns-platform-trace-black-white-367980-01,2018-11-14,Puma,Wmns Platform Trace 'Black White',women,2,Black,,,24,0,150.0,2364
https://www.goat.com/sneakers/wmns-thunder-desert-mint-368024-02,2018-08-02,Puma,Wmns Thunder Desert 'Mint',women,4,Green,,,24,0,74.0,2468
https://www.goat.com/sneakers/wmns-sole-fury-white-dv4490,2018-11-08,Reebok,Wmns Sole Fury 'White,women,4,White,,,22,0,279.0,2370
https://www.goat.com/sneakers/wmns-suede-platform-trace-flowery-367810-02,2018-11-07,Puma,Wmns Suede Platform 'Trace Flowery',women,3,Black,,,24,0,1003.0,2371
https://www.goat.com/sneakers/outburst-lx-black-bright-citron-at4687-001,2018-12-31,Nike,Wmns Outburst LX 'Black Bright Citron',women,3,Black,Textile,,38,0,52.0,2317
https://www.goat.com/sneakers/wmns-everyn-running-white-cq2004,2018-01-24,adidas,Wmns Everyn 'Running White',women,6,White,,,26,0,106.0,2658
https://www.goat.com/sneakers/wmns-sleek-triple-white-cg6199,2019-01-19,adidas,Wmns Sleek 'Triple White',women,6,White,,,26,0,52.0,2298
https://www.goat.com/sneakers/wmns-hoops-2-0-footwear-white-b42096,2019-11-14,adidas,Wmns Hoops 2.0 'Footwear White',women,4,White,Leather,,26,0,99.0,1999
https://www.goat.com/sneakers/wmns-falcon-raw-white-ee4149,2019-02-01,adidas,Wmns Falcon 'Raw White',women,6,White,,,26,0,1004.0,2285
https://www.goat.com/sneakers/wmns-x-90-milk-wsx90ple,2019-01-01,New Balance,Wmns X-90 'Milk',women,3,Pink,Mesh,,24,0,143.0,2316
https://www.goat.com/sneakers/naked-x-magmur-runner-white-navy-g26279,2019-03-16,adidas,Naked x Wmns Magmur Runner 'Friends & Family',women,3,White,,,26,1,316.0,2242
https://www.goat.com/sneakers/wmns-cell-venom-tol-graphic-370314-01,2019-02-12,Puma,Wmns Cell Venom TOL 'Graphic',women,2,Blue,,,24,1,76.0,2274
https://www.goat.com/sneakers/fyw-s-97-white-action-purple-ef2043,2019-04-17,adidas,Wmns FYW S-97 'Action Purple',women,6,Purple,,,26,0,98.0,2210
https://www.goat.com/sneakers/wmns-explore-strada-barely-rose-cd7091-602,2019-12-19,Nike,Wmns Explore Strada 'Barely Rose',women,5,Pink,,,38,0,108.0,1964
https://www.goat.com/sneakers/arizona-x-wmns-continental-vulc-flower-eg7977,2019-09-01,adidas,AriZona x Wmns Continental Vulc 'Green Tea With Ginseng And Honey',women,4,Pink,,,26,1,104.0,2073
https://www.goat.com/sneakers/wmns-air-vapormax-2019-echo-pink-silver-cq9703-600,2019-04-06,Nike,Wmns Air VaporMax 2019 'Echo Pink Silver',women,5,Pink,,Air,38,0,275.0,2221
https://www.goat.com/sneakers/wmns-chuck-taylor-all-star-lugged-winter-high-gtx-back-alley-brick-565007c,2019-10-01,Converse,Wmns Chuck Taylor All Star Lugged Winter High GTX 'Back Alley Brick',women,5,Red,Suede,,25,0,87.0,2043
https://www.goat.com/sneakers/wmns-supercourt-rx-linen-fv3699,2019-11-07,adidas,Wmns Supercourt RX 'Linen',women,4,Tan,Mesh,,26,0,52.0,2006
https://www.goat.com/sneakers/wmns-continental-80-ee4349,2019-02-01,adidas,Wmns Continental 80,women,0,Black,,,26,0,80.0,2285
https://www.goat.com/sneakers/wmns-joyride-run-flyknit-bright-mango-aq2731-100,2019-08-15,Nike,Wmns Joyride Run Flyknit 'Bright Mango',women,7,White,,TPE,38,0,120.0,2090
https://www.goat.com/sneakers/wmns-classic-leather-it-s-a-man-s-world-dv7356,2019-09-01,Reebok,Wmns Classic Leather 'It's a Man's World',women,3,White,,,22,0,115.0,2073
https://www.goat.com/sneakers/wmns-joyride-run-flyknit-sunset-pink-aq2731-601,2019-08-29,Nike,Wmns Joyride Run Flyknit 'Sunset Pink',women,9,Pink,,TPE,38,0,123.0,2076
https://www.goat.com/sneakers/wmns-air-vapormax-flyknit-2-aluminum-942843-402,2019-02-14,Nike,Wmns Air VaporMax Flyknit 2 'Aluminum',women,3,Blue,Flyknit,Air,38,0,407.0,2272
https://www.goat.com/sneakers/wmns-rs-x-trophy-black-rose-gold-370752-04,2019-04-30,Puma,Wmns RS-X Trophy 'Black Rose Gold',women,3,Black,,,24,0,1207.0,2197
https://www.goat.com/sneakers/wmns-blazer-mid-rebel-summit-white-bq4022-102,2019-04-16,Nike,Wmns Blazer Mid Rebel 'Summit White',women,5,White,,,38,0,114.0,2211
https://www.goat.com/sneakers/wmns-runfalcon-core-black-f36218,2019-01-23,adidas,Wmns Runfalcon 'Core Black',women,5,Black,,EVA,26,0,64.0,2294
https://www.goat.com/sneakers/wmns-nmd_r1-pk-glow-pink-ee6434,2019-09-01,adidas,Wmns NMD_R1 PK 'Glow Pink',women,6,Tan,,Boost,26,0,137.0,2073
https://www.goat.com/sneakers/wmns-classic-club-c-revenge-plus-it-s-a-man-s-world-dv7359,2019-09-01,Reebok,Wmns Classic Club C Revenge Plus 'It's a Man's World',women,3,White,,,22,0,95.0,2073
https://www.goat.com/sneakers/wmns-zoom-fly-3-teal-tint-at8241-300,2019-07-04,Nike,Wmns Zoom Fly 3 'Teal Tint',women,4,Green,,Lunarlon,38,0,109.0,2132
https://www.goat.com/sneakers/wmns-falcon-k-pop-pack-core-black-h69043,2020-09-15,adidas,Wmns Falcon 'K-Pop Pack - Core Black',women,6,Black,Leather,,26,0,111.0,1693
https://www.goat.com/sneakers/wmns-sleek-cloud-white-ef4935,2020-01-09,adidas,Wmns Sleek 'Cloud White',women,6,White,,,26,0,105.0,1943
https://www.goat.com/sneakers/wmns-superrep-groove-leopard-ct1248-107,2020-11-12,Nike,Wmns SuperRep Groove 'Leopard',women,3,Brown,,,38,0,89.0,1635
https://www.goat.com/sneakers/wmns-puremotion-clear-lilac-fy8224,2020-12-20,adidas,Wmns Puremotion 'Clear Lilac',women,6,Pink,Textile,Cloudfoam,26,0,311.0,1597
https://www.goat.com/sneakers/wmns-452-beige-wx452sr,2020-12-24,New Balance,Wmns 452 'Beige',women,2,Brown,Leather,,24,0,94.0,1593
https://www.goat.com/sneakers/wmns-sleek-bliss-gold-metallic-fz0031,2020-11-16,adidas,Wmns Sleek 'Bliss Gold Metallic',women,4,Cream,Leather,,26,0,89.0,1631
https://www.goat.com/sneakers/wmns-zoom-gravity-barely-rose-cu4824-100,2020-01-02,Nike,Wmns Zoom Gravity 'Barely Rose',women,6,Pink,Mesh,Air,38,0,100.0,1950
https://www.goat.com/sneakers/wmns-adilette-slide-glory-mint-gw0138,2020-12-01,adidas,Wmns Adilette Slide 'Glory Mint',women,6,Green,Synthetic,,26,0,82.0,1616
https://www.goat.com/sneakers/wmns-air-max-verona-light-orewood-brown-cz3963-100,2020-10-12,Nike,Wmns Air Max Verona 'Light Orewood Brown',women,8,Brown,Textile,Air,38,0,335.0,1666
https://www.goat.com/sneakers/wmns-zx-2k-boost-white-pink-blue-fy0605,2020-09-01,adidas,Wmns ZX 2K Boost 'White Pink Blue',women,6,White,Mesh,,26,1,129.0,1707
https://www.goat.com/sneakers/wmns-air-jordan-og-white-133000-106,2020-01-16,Air Jordan,Wmns Air Jordan OG Retro 'White' 2020,women,6,White,Leather,Air,38,0,134.0,1936
https://www.goat.com/sneakers/wmns-superrep-go-3-flyknit-next-nature-sun-club-white-sanded-gold-dv1743-171,2020-06-30,Nike,Wmns SuperRep Go 3 Flyknit Next Nature 'Sun Club - White Sanded Gold',women,4,White,Flyknit,,38,0,126.0,1770
https://www.goat.com/sneakers/wmns-flex-tr-9-pure-platinum-cyan-aq7491-005,2020-11-11,Nike,Wmns Flex TR 9 'Pure Platinum Cyan',women,7,Grey,Mesh,,38,0,64.0,1636
https://www.goat.com/sneakers/wmns-chuck-taylor-all-star-lift-high-brick-rose-570035c,2020-11-16,Converse,Wmns Chuck Taylor All Star Lift High 'Brick Rose',women,3,Pink,Suede,,25,0,124.0,1631
https://www.goat.com/sneakers/wmns-offcourt-slide-fire-pink-bq4632-602,2020-08-14,Nike,Wmns Offcourt Slide 'Fire Pink',women,3,Pink,Synthetic,,38,0,64.0,1725
https://www.goat.com/sneakers/wmns-renew-run-graffiti-print-cw5633-100,2020-05-05,Nike,Wmns Renew Run 'Graffiti Print',women,7,White,,,38,0,115.0,1826
https://www.goat.com/sneakers/wmns-court-vision-low-washed-coral-cd5434-105,2020-07-24,Nike,Wmns Court Vision Low 'Washed Coral',women,3,White,Leather,,38,0,92.0,1746
https://www.goat.com/sneakers/wmns-swift-run-x-cloud-white-fy2138,2020-08-26,adidas,Wmns Swift Run X 'Cloud White',women,6,White,Mesh,EVA,26,0,105.0,1713
https://www.goat.com/sneakers/wmns-zoom-fly-3-white-laser-crimson-at8241-101,2020-01-22,Nike,Wmns Zoom Fly 3 'White Laser Crimson',women,6,White,,React,38,0,185.0,1930
https://www.goat.com/sneakers/wmns-lunar-hyperdiamond-2-pro-black-856492-015,2020-04-02,Nike,Wmns Lunar Hyperdiamond 2 Pro 'Black',women,4,Black,,Lunarlon,38,0,64.0,1859
https://www.goat.com/sneakers/wmns-daybreak-white-cactus-flower-dh1038-100,2020-12-02,Nike,Wmns Daybreak 'White Cactus Flower',women,8,White,Suede,,38,0,98.0,1615
https://www.goat.com/sneakers/wmns-free-rn-flyknit-2018-white-platinum-942839-100,2020-04-10,Nike,Wmns Free RN Flyknit 2018 'White Platinum',women,4,White,Flyknit,Free,38,0,121.0,1851
https://www.goat.com/sneakers/wmns-zoom-hyperdiamond-3-elite-cs-white-laser-orange-ci2229-105,2020-11-26,Nike,Wmns Zoom HyperDiamond 3 Elite CS 'White Laser Orange',women,7,White,Leather,,38,0,106.0,1621
https://www.goat.com/sneakers/stella-mccartney-x-wmns-ultraboost-x-3d-black-d97689,2020-12-08,adidas,Stella McCartney x Wmns UltraBoost X 3D 'Black',women,6,Black,Primeknit,Boost,26,0,1043.0,1609
https://www.goat.com/sneakers/wmns-dunk-low-photon-dust-dd1503-103,2021-05-19,Nike,Wmns Dunk Low 'Photon Dust',women,4,White,Leather,,15,0,77.0,1447
https://www.goat.com/sneakers/comme-des-garcons-x-wmns-premier-sail-black-dj8545-100,2021-12-16,Nike,Comme des Gar√ßons x Wmns Premier 'Sail Black',women,3,White,Leather,,38,0,1408.0,1236
https://www.goat.com/sneakers/wmns-tasman-slipper-chestnut-5955-che,2021-11-01,UGG,Wmns Tasman Slipper 'Chestnut',women,1,Brown,Suede,,8,1,81.0,1281
https://www.goat.com/sneakers/wmns-mayze-gum-fudge-381887-02,2021-06-26,Puma,Wmns Mayze Gum 'Fudge',women,1,Green,Suede,,24,0,234.0,1409
https://www.goat.com/sneakers/wmns-dunk-low-black-white-dd1503-101,2021-03-10,Nike,Wmns Dunk Low 'Black White',women,3,Black,Leather,,38,0,76.0,1517
https://www.goat.com/sneakers/wmns-super-sleek-72-white-glitter-gx0032,2021-03-09,adidas,Wmns Super Sleek 72 'White Glitter',women,6,White,Leather,,26,0,52.0,1518
https://www.goat.com/sneakers/wmns-ozelia-black-carbon-h04268,2021-07-01,adidas,Wmns Ozelia 'Black Carbon',women,5,Black,Textile,,26,0,74.0,1404
https://www.goat.com/sneakers/wmns-nario-move-vapour-pink-gz5534,2021-06-01,adidas,Wmns Nario Move 'Vapour Pink',women,6,Pink,Knit,Bounce,26,0,92.0,1434
https://www.goat.com/sneakers/wmns-cali-sport-metallic-black-375050-02,2021-01-19,Puma,Wmns Cali Sport 'Metallic - Black',women,2,Black,Leather,,24,0,87.0,1567
https://www.goat.com/sneakers/wmns-run-star-hike-high-navy-gum-568650c,2021-03-31,Converse,Wmns Run Star Hike High 'Navy Gum',women,4,Blue,Leather,,25,0,143.0,1496
https://www.goat.com/sneakers/wmns-rs-x-airbrush-ultra-magenta-382768-01,2021-08-29,Puma,Wmns RS-X 'Airbrush - Ultra Magenta',women,4,White,Mesh,R-System,24,0,155.0,1345
https://www.goat.com/sneakers/wmns-4dfwd-pulse-white-shock-pink-q46225,2021-08-12,adidas,Wmns 4DFWD Pulse 'White Shock Pink',women,6,Pink,Primeknit+,Digital Light Synthesis,26,0,88.0,1362
https://www.goat.com/sneakers/wmns-rs-x-neo-pop-white-380641-01,2021-03-31,Puma,Wmns RS-X 'Neo Pop - White',women,5,White,Mesh,R-System,24,0,52.0,1496
https://www.goat.com/sneakers/wmns-mayze-gum-covert-green-381887-01,2021-06-26,Puma,Wmns Mayze Gum 'Covert Green',women,2,Green,Suede,,24,0,135.0,1409
https://www.goat.com/sneakers/wmns-cali-star-gl-summer-sunset-381885-01,2021-06-21,Puma,Wmns Cali Star GL 'Summer Sunset',women,3,White,,,24,0,76.0,1414
https://www.goat.com/sneakers/waffle-racer-crater-summit-white-aluminum-ct1983-106,2021-08-16,Nike,Wmns Waffle Racer Crater 'Summit White Aluminum',women,8,White,Twill,Crater,38,0,128.0,1358
https://www.goat.com/sneakers/wmns-nikecourt-vapor-lite-white-aluminum-dc3431-111,2021-09-12,Nike,Wmns NikeCourt Vapor Lite 'White Aluminum',women,2,White,Mesh,,38,0,890.0,1331
https://www.goat.com/sneakers/wmns-ace-summerlite-white-light-thistle-da4117-177,2021-04-13,Nike,Wmns Ace Summerlite 'White Light Thistle',women,6,White,Mesh,,38,0,112.0,1483
https://www.goat.com/sneakers/wmns-cloudswift-glacier-41-99579,2021-02-01,ON,Wmns Cloudswift 'Glacier',women,2,Grey,Mesh,CloudTec,23,0,165.0,1554
https://www.goat.com/sneakers/wmns-cruise-rider-ocean-queen-375073-01,2021-04-07,Puma,Wmns Cruise Rider 'Ocean Queen',women,4,Cream,Mesh,IMEVA,24,0,79.0,1489
https://www.goat.com/sneakers/wmns-rs-curve-core-white-lava-blast-381911-01,2021-07-14,Puma,Wmns RS-Curve Core 'White Lava Blast',women,3,White,Textile,R-System,24,0,42.0,1391
https://www.goat.com/sneakers/wmns-victori-one-printed-slide-snakeskin-cn9676-007,2021-04-27,Nike,Wmns Victori One Printed Slide 'Snakeskin',women,5,Brown,Synthetic,,38,0,40.0,1469
https://www.goat.com/sneakers/wmns-jordan-delta-breathe-purple-brilliant-green-dj5200-109,2021-11-12,Air Jordan,Wmns Jordan Delta Breathe 'Purple Brilliant Green',women,5,White,,Air,38,0,95.0,1270
https://www.goat.com/sneakers/wmns-dunk-low-lemon-drop-dj6902-700,2021-05-20,Nike,Wmns Dunk Low 'Lemon Drop',women,6,White,Leather,,38,1,198.0,1446
https://www.goat.com/sneakers/balenciaga-wmns-recycled-speed-2-0-sneaker-pink-669789-w2di3-5601,2022-01-24,Balenciaga,Balenciaga Wmns Recycled Speed 2.0 Sneaker 'Pink',women,1,Pink,3D Knit,,18,0,490.0,1197
https://www.goat.com/sneakers/wmns-edge-lux-black-matte-silver-gx0588,2022-01-25,adidas,Wmns Edge Lux 'Black Matte Silver',women,6,Black,Textile,,26,0,52.0,1196
https://www.goat.com/sneakers/wmns-club-c-double-geo-smokey-rose-gz6420,2022-05-07,Reebok,Wmns Club C Double Geo 'Smokey Rose',women,6,Pink,Leather,,22,0,78.0,1094
https://www.goat.com/sneakers/rich-mnisi-x-wmns-her-court-roses-black-gw8569,2022-04-01,adidas,Rich Mnisi x Wmns Her Court 'Roses - Black',women,6,Black,Canvas,,26,1,52.0,1130
https://www.goat.com/sneakers/wmns-her-court-paint-drip-acid-orange-gy3581,2022-01-25,adidas,Wmns Her Court 'Paint Drip - Acid Orange',women,6,Orange,Leather,,26,0,92.0,1196
https://www.goat.com/sneakers/wmns-disco-cross-slide-tiger-print-1127072-lbtt,2022-05-21,UGG,Wmns Disco Cross Slide 'Tiger Print',women,2,Black,Shearling,,8,0,359.0,1080
https://www.goat.com/sneakers/wmns-solarglide-5-white-silver-metallic-gx5496,2022-03-10,adidas,Wmns SolarGlide 5 'White Silver Metallic',women,7,Pink,Mesh,Boost,26,0,52.0,1152
https://www.goat.com/sneakers/wmns-edge-lux-black-iron-metallic-gz1717,2022-03-29,adidas,Wmns Edge Lux 'Black Iron Metallic',women,6,Black,Textile,,26,0,69.0,1133
https://www.goat.com/sneakers/wmns-lite-plus-3-black-pure-grey-gy0161,2022-06-30,Reebok,Wmns Lite Plus 3 'Black Pure Grey',women,7,Black,Textile,FuelFoam,22,0,88.0,1040
https://www.goat.com/sneakers/vogue-x-wmns-suede-classic-intense-red-gum-387687-01,2022-12-07,Puma,Vogue x Wmns Suede Classic 'Intense Red Gum',women,4,Red,Suede,,24,0,52.0,880
https://www.goat.com/sneakers/wmns-puremotion-black-fire-gy2272,2022-09-22,adidas,Wmns Puremotion 'Black Fire',women,6,Black,Textile,Cloudfoam,26,0,64.0,956
https://www.goat.com/sneakers/wmns-rs-x-summer-squeeze-388925-01,2022-10-02,Puma,Wmns RS-X 'Summer Squeeze',women,2,Orange,Mesh,R-System,24,0,87.0,946
https://www.goat.com/sneakers/wmns-racer-tr21-white-gum-gx4207,2022-04-02,adidas,Wmns Racer TR21 'White Gum',women,6,White,Textile,Cloudfoam,26,0,72.0,1129
https://www.goat.com/sneakers/wmns-rs-x-monochrome-385428-01,2022-05-16,Puma,Wmns RS-X 'Monochrome',women,1,Red,Synthetic,R-System,24,0,52.0,1085
https://www.goat.com/sneakers/wmns-kosmo-rider-bright-white-grey-violet-384858-01,2022-06-05,Puma,Wmns Kosmo Rider Bright 'White Grey Violet',women,3,White,Suede,IMEVA,24,0,101.0,1065
https://www.goat.com/sneakers/wmns-legend-essential-2-premium-off-noir-black-cz3668-002,2022-05-29,Nike,Wmns Legend Essential 2 Premium 'Off Noir Black',women,6,Black,Mesh,,38,0,128.0,1072
https://www.goat.com/sneakers/wmns-terrex-agravic-ultra-trail-pulse-lime-turbo-gz9038,2022-02-01,adidas,Wmns Terrex Agravic Ultra Trail 'Pulse Lime Turbo',women,5,Green,Mesh,,26,1,294.0,1189
https://www.goat.com/sneakers/wmns-cassia-sl-pristine-team-gold-385279-03,2022-01-09,Puma,Wmns Cassia SL 'Pristine',women,4,Cream,Leather,CMEVA,24,0,76.0,1212
https://www.goat.com/sneakers/wmns-energen-lite-black-pure-grey-gw7188,2022-06-30,Reebok,Wmns Energen Lite 'Black Pure Grey',women,7,Black,Mesh,FuelFoam,22,0,87.0,1040
https://www.goat.com/sneakers/wmns-jazz-triple-grey-mint-s60530-17,2022-06-11,Saucony,Wmns Jazz Triple 'Grey Mint',women,2,Grey,Suede,,18,0,204.0,1059
https://www.goat.com/sneakers/wmns-downshifter-12-barely-rose-pink-oxford-dd9294-600,2022-08-14,Nike,Wmns Downshifter 12 'Barely Rose Pink Oxford',women,5,Pink,Mesh,,38,0,126.0,995
https://www.goat.com/sneakers/wmns-flex-experience-run-11-next-nature-black-dark-smoke-grey-dd9283-001,2022-04-25,Nike,Wmns Flex Experience Run 11 Next Nature 'Black Dark Smoke Grey',women,5,Black,Knit,,38,0,66.0,1106
https://www.goat.com/sneakers/wmns-jolly-canvas-white-evening-sand-501-178305-c9868,2022-05-11,Diadora,Wmns Jolly Canvas 'White Evening Sand',women,5,White,Canvas,,17,0,230.0,1090
https://www.goat.com/sneakers/wmns-flex-experience-run-11-extra-wide-black-white-dh5753-001,2022-06-04,Nike,Wmns Flex Experience Run 11 Extra Wide 'Black White',women,2,Black,Mesh,,38,0,82.0,1066
https://www.goat.com/sneakers/swarovski-x-wmns-suede-black-crystal-396352-02,2023-12-07,Puma,Swarovski x Wmns Suede 'Black Crystal',women,1,Black,Suede,,24,0,160.0,515
https://www.goat.com/sneakers/wmns-flexagon-force-4-white-silver-metallic-gy6254,2023-01-16,Reebok,Wmns Flexagon Force 4 'White Silver Metallic',women,6,White,Mesh,FuelFoam,22,0,81.0,840
https://www.goat.com/sneakers/wmns-574-magnet-vintage-indigo-wl574ng2,2023-08-10,New Balance,Wmns 574 'Magnet Vintage Indigo',women,4,Grey,Suede,ENCAP,24,0,147.0,634
https://www.goat.com/sneakers/wmns-court-legacy-next-nature-white-rush-fuchsia-fn7108-100,2023-06-27,Nike,Wmns Court Legacy Next Nature 'White Rush Fuchsia',women,6,White,Leather,,38,0,82.0,678
https://www.goat.com/sneakers/parley-x-wmns-supernova-2-0-non-dyed-hp2240,2023-02-15,adidas,Parley x Wmns Supernova 2.0 'Non Dyed',women,6,Cream,Synthetic,Boost,26,0,134.0,810
https://www.goat.com/sneakers/wmns-550-sea-salt-orange-bbw550st,2023-09-20,New Balance,Wmns 550 'Sea Salt Tobacco',women,4,Cream,Leather,EVA,24,0,71.0,593
https://www.goat.com/sneakers/wmns-cassia-mix-white-flat-light-grey-391959-02,2023-02-13,Puma,Wmns Cassia Mix 'White Flat Light Grey',women,5,Grey,Suede,CMEVA,24,0,112.0,812
https://www.goat.com/sneakers/wmns-dunk-low-next-nature-hemp-dd1873-200,2023-08-30,Nike,Wmns Dunk Low Next Nature 'Hemp',women,2,Brown,Leather,,38,0,74.0,614
https://www.goat.com/sneakers/wmns-oztral-white-grey-hq6765,2023-02-23,adidas,Wmns Oztral 'White Grey',women,6,White,Mesh,EVA,26,0,94.0,802
https://www.goat.com/sneakers/wmns-cloudfoam-pure-black-iron-metallic-id5636,2023-11-06,adidas,Wmns Cloudfoam Pure 'Black Iron Metallic',women,6,Black,Textile,Cloudfoam,26,0,230.0,546
https://www.goat.com/sneakers/wmns-dunk-low-light-silver-corduroy-fn7658-100,2023-08-22,Nike,Wmns Dunk Low 'Light Silver Corduroy',women,3,Grey,Corduroy,,38,0,91.0,622
https://www.goat.com/sneakers/wmns-x_plrboost-halo-blue-solar-red-hp3143,2023-04-06,adidas,Wmns X_PLRBOOST 'Halo Blue Solar Red',women,6,Blue,Mesh,Boost,26,0,52.0,760
https://www.goat.com/sneakers/wmns-air-winflo-9-premium-soundwave-dr9831-001,2023-01-23,Nike,Wmns Air Winflo 9 Premium 'Soundwave',women,2,Black,Mesh,Air,38,0,88.0,833
https://www.goat.com/sneakers/wmns-rivalry-low-86-white-shadow-red-hq7014,2023-03-02,adidas,Wmns Rivalry Low 86 'White Shadow Red',women,6,White,Leather,,26,0,181.0,795
https://www.goat.com/sneakers/cloudeasy-sensa-black-3wd11740485,2023-05-25,ON,Wmns Cloudeasy Sensa 'Black',women,2,Black,Mesh,CloudTec,23,0,187.0,711
https://www.goat.com/sneakers/wmns-dunk-low-red-stardust-fq8876-618,2023-11-08,Nike,Wmns Dunk Low 'Red Stardust',women,5,Red,Leather,,15,0,112.0,544
https://www.goat.com/sneakers/wmns-calm-slide-alabaster-dx4816-701,2023-12-05,Nike,Wmns Calm Slide 'Alabaster',women,2,Cream,EVA,EVA,8,0,44.0,517
https://www.goat.com/sneakers/wmns-md-runner-2-phantom-light-cream-749869-011,2023-01-01,Nike,Wmns MD Runner 2 'Phantom Light Cream',women,4,Cream,Suede,,38,0,78.0,855
https://www.goat.com/sneakers/wmns-adifom-superstar-boot-silver-green-ie4614,2023-08-16,adidas,Wmns adiFOM Superstar Boot 'Silver Green',women,6,Grey,Synthetic,Adiplus,26,0,131.0,628
https://www.goat.com/sneakers/wmns-offcourt-slide-black-white-bq4632-010,2023-05-08,Nike,Wmns Offcourt Slide 'Black White',women,3,Black,Synthetic,,38,0,52.0,728
https://www.goat.com/sneakers/wmns-dropset-2-chalk-white-aluminium-ie8050,2023-12-17,adidas,Wmns Dropset 2 'Chalk White Aluminium',women,4,Cream,Textile,EVA,26,0,132.0,505
https://www.goat.com/sneakers/wmns-run-70s-off-white-wonder-white-ig8458,2023-12-01,adidas,Wmns Run 70s 'Off White Wonder White',women,6,Cream,Suede,,26,0,238.0,521
https://www.goat.com/sneakers/wmns-mexico-66-slip-on-cream-putty-1182a087-104,2023-08-01,Onitsuka Tiger,Wmns Mexico 66 Slip-On 'Cream Putty',women,2,Cream,Canvas,,23,0,497.0,643
https://www.goat.com/sneakers/wmns-samba-og-cream-white-sand-strata-id0478,2024-01-10,adidas,Wmns Samba OG 'Cream White Sand Strata',women,6,Cream,Leather,,26,0,96.0,481
https://www.goat.com/sneakers/wmns-al8-vintage-green-fj3794-300,2024-06-15,Nike,Wmns AL8 'Vintage Green',women,6,Green,Mesh,,38,0,71.0,324
https://www.goat.com/sneakers/wmns-996v2-tassel-grey-wl996tu2,2024-05-07,New Balance,Wmns 996v2 'Tassel - Grey',women,1,Grey,Suede,C-CAP,24,0,132.0,363
https://www.goat.com/sneakers/wmns-samba-og-white-embroidered-floral-if4398,2024-08-01,adidas,Wmns Samba OG 'White Floral Embroidery',women,1,White,Leather,,26,0,124.0,277
https://www.goat.com/sneakers/wmns-bern-night-indigo-gum-ig2004,2024-07-21,adidas,Wmns Bern 'Night Indigo Gum',women,5,Blue,Suede,,26,0,129.0,288
https://www.goat.com/sneakers/wmns-p-6000-burgundy-crush-hv2522-600,2024-11-24,Nike,Wmns P-6000 'Burgundy Crush',women,8,Red,Mesh,,38,0,107.0,162
https://www.goat.com/sneakers/wmns-tektrel-wide-ice-wine-navy-wtttrop1-d,2024-08-20,New Balance,Wmns Tektrel Wide 'Ice Wine Navy',women,5,Purple,Textile,DynaSoft,24,0,118.0,258
https://www.goat.com/sneakers/farm-rio-x-wmns-vl-court-3-0-white-night-indigo-gum-ih4809,2024-06-06,adidas,FARM Rio x Wmns VL Court 3.0 'White Night Indigo Gum',women,5,White,Leather,,26,0,77.0,333
https://www.goat.com/sneakers/wmns-free-metcon-6-white-metallic-silver-black-hq3510-100,2024-10-20,Nike,Wmns Free Metcon 6 'White Metallic Silver Black',women,7,White,Mesh,Free,38,0,112.0,197
https://www.goat.com/sneakers/wmns-tanjun-easyon-violet-mist-white-dv7786-500,2024-04-14,Nike,Wmns Tanjun EasyOn 'Violet Mist White',women,6,Purple,Mesh,,38,0,2866.0,386
https://www.goat.com/sneakers/wmns-court-vision-low-next-nature-elemental-pink-dh3158-603,2024-12-20,Nike,Wmns Court Vision Low Next Nature 'Elemental Pink',women,3,Pink,Leather,,38,0,90.0,136
https://www.goat.com/sneakers/wmns-sambae-cream-white-leopard-ji4226,2024-06-01,adidas,Wmns Sambae 'Cream White Leopard',women,6,Cream,Suede,,26,0,209.0,338
https://www.goat.com/sneakers/wmns-court-vision-low-valentine-s-day-2024-fq7628-100,2024-01-29,Nike,Wmns Court Vision Low 'Valentine's Day 2024',women,6,White,Suede,,38,0,110.0,462
https://www.goat.com/sneakers/wmns-air-jordan-4-retro-orchid-aq9129-501,2024-10-26,Air Jordan,Wmns Air Jordan 4 Retro 'Orchid',women,5,Purple,Suede,Air,15,0,364.0,191
https://www.goat.com/sneakers/wmns-cloudsurfer-white-flame-3we30050256,2024-07-26,ON,Wmns Cloudsurfer 'White Flame',women,2,White,Mesh,CloudTec Phase,23,0,174.0,283
https://www.goat.com/sneakers/wmns-ultra-flow-black-rose-violet-l47450900,2024-02-13,Salomon,Wmns Ultra Flow 'Black Rose Violet',women,5,Black,Textile,Energy Foam,23,0,1079.0,447
https://www.goat.com/sneakers/wmns-nfx-chalk-laser-pink-100202117,2024-01-29,Reebok,Wmns NFX 'Chalk Laser Pink',women,5,White,Mesh,EVA,22,0,261.0,462
https://www.goat.com/sneakers/wmns-kaptir-flow-white-hazy-orange-ig1689,2024-02-29,adidas,Wmns Kaptir Flow 'White Hazy Orange',women,6,White,Mesh,Bounce,26,0,70.0,431
https://www.goat.com/sneakers/wmns-summervent-24-bounce-golf-white-aluminium-if0240,2024-02-04,adidas,Wmns Summervent 24 Bounce Golf 'White Aluminium',women,5,White,Mesh,Bounce,26,0,178.0,456
https://www.goat.com/sneakers/wmns-suede-xl-thick-n-thin-398325-01,2024-05-13,Puma,Wmns Suede XL 'Thick N Thin',women,4,Blue,Suede,,24,0,105.0,357
https://www.goat.com/sneakers/wmns-versair-platinum-violet-dz3547-003,2024-01-11,Nike,Wmns Versair 'Platinum Violet',women,8,Purple,Chenille,Zoom Air,38,0,93.0,480
https://www.goat.com/sneakers/wmns-air-zoom-vomero-5-photon-dust-pink-foam-hf1877-001,2024-08-01,Nike,Wmns Air Zoom Vomero 5 'Photon Dust Pink Foam',women,9,Silver,Mesh,Zoom Air,38,0,146.0,277
https://www.goat.com/sneakers/wmns-574-orb-pink-grey-matter-wl574qe2,2024-01-01,New Balance,Wmns 574 'Orb Pink Grey Matter',women,4,Pink,Suede,ENCAP,24,0,110.0,490
https://www.goat.com/sneakers/wmns-summit-trek-white-metallic-silver-3028346-100,2024-02-19,Under Armour,Wmns Summit Trek 'White Metallic Silver',women,3,White,Mesh,,18,0,264.0,441
https://www.goat.com/sneakers/wmns-samba-og-preloved-red-leopard-ji2734,2025-01-30,adidas,Wmns Samba OG 'Cheetah Pack - Preloved Red',women,6,Brown,Fur,,26,0,154.0,95
https://www.goat.com/sneakers/wmns-lowmel-love-25-pack-1172170-jnt,2025-01-16,UGG,Wmns Lowmel 'Love '25 Pack',women,3,Cream,Suede,EVA,8,0,174.0,109
https://www.goat.com/sneakers/wmns-air-jordan-4-retro-seafoam-hv0823-003,2025-03-08,Air Jordan,Wmns Air Jordan 4 Retro 'Abundance / Seafoam',women,4,Green,Nubuck,Air,15,0,154.0,58
https://www.goat.com/sneakers/wmns-skyflow-starlight-glow-carnation-1155113-slwc,2025-03-13,HOKA,Wmns Skyflow 'Starlight Glow Carnation',women,3,Pink,Jacquard,EVA,23,0,218.0,53
https://www.goat.com/sneakers/wmns-court-vision-low-lace-hj5846-100,2025-04-13,Nike,Wmns Court Vision Low 'Lace',women,3,White,Textile,,38,0,118.0,22
https://www.goat.com/sneakers/wmns-al8-wolf-grey-midnight-navy-fj3794-004,2025-03-23,Nike,Wmns AL8 'Wolf Grey Midnight Navy',women,7,Grey,Mesh,,38,0,151.0,43
https://www.goat.com/sneakers/wmns-adilette-22-xlg-slide-pink-spark-if9492,2025-02-01,adidas,Wmns Adilette 22 XLG Slide 'Pink Spark',women,6,Pink,Synthetic,EVA,26,0,107.0,93
https://www.goat.com/sneakers/wmns-run-star-trainer-retro-sport-obsidian-a10621c,2025-01-05,Converse,Wmns Run Star Trainer 'Retro Sport - Obsidian',women,4,Blue,Suede,,25,0,127.0,120
https://www.goat.com/sneakers/wmns-initiator-soft-pearl-clay-green-ih0579-012,2025-04-20,Nike,Wmns Initiator 'Soft Pearl Clay Green',women,10,Cream,Mesh,,38,0,158.0,15
https://www.goat.com/sneakers/wmns-gazelle-stack-green-cream-gum-jr8179,2025-01-07,adidas,Wmns Gazelle Stack 'Green Cream Gum',women,5,Green,Suede,EVA,26,0,167.0,118
https://www.goat.com/sneakers/wmns-tazz-slipper-love-25-pack-tropical-pink-1172130-tpcl,2025-01-16,UGG,Wmns Tazz Slipper 'Love '25 Pack - Tropical Pink',women,2,Pink,Suede,EVA,8,0,195.0,109
https://www.goat.com/sneakers/wmns-handball-spezial-lucid-pink-gum-ji2654,2025-02-08,adidas,Wmns Handball Spezial 'Lucid Pink Gum',women,6,Pink,Suede,,26,0,112.0,86
https://www.goat.com/sneakers/liberty-london-x-wmns-gazelle-indoor-floral-embroidery-off-white-jh7370,2025-03-17,adidas,Liberty London x Wmns Gazelle Indoor 'Floral Embroidery - Off White',women,5,Cream,Leather,,26,0,167.0,49
https://www.goat.com/sneakers/wmns-handball-spezial-lt-lucid-blue-black-jh5602,2025-03-16,adidas,Wmns Handball Spezial LT 'Lucid Blue Black',women,6,Blue,Leather,,26,0,162.0,50
https://www.goat.com/sneakers/wmns-air-jordan-3-retro-valentine-s-day-hj0178-600,2025-02-01,Air Jordan,Wmns Air Jordan 3 Retro 'Treat Yourself',women,5,Pink,Leather,Air,15,0,166.0,93
https://www.goat.com/sneakers/wmns-taekwondo-mei-ballet-black-white-gum-jr7031,2025-03-15,adidas,Wmns Taekwondo Mei Ballet 'Black White Gum',women,5,Black,Leather,,26,0,119.0,51
https://www.goat.com/sneakers/wmns-handball-spezial-black-violet-tone-js2909,2025-01-31,adidas,Wmns Handball Spezial 'Black Violet Tone',women,5,Black,Suede,,26,0,121.0,94
https://www.goat.com/sneakers/wmns-air-jordan-4-retro-aluminum-hv0823-100,2025-05-03,Air Jordan,Wmns Air Jordan 4 Retro 'Forget Me Not',women,6,White,Leather,Air,15,0,212.0,2
https://www.goat.com/sneakers/gel-1130-neon-pack-pink-1202a525-700,2025-04-04,ASICS,Wmns Gel 1130 'Neon Pack - Pink',women,0,Pink,Mesh,Gel,20,0,230.0,31
https://www.goat.com/sneakers/wmns-taekwondo-clear-pink-satin-jq8209,2025-04-01,adidas,Wmns Taekwondo 'Clear Pink Satin',women,5,Pink,Satin,,26,0,140.0,34
https://www.goat.com/sneakers/wmns-speedcat-ballet-metallic-silver-401581-01,2025-03-01,Puma,Wmns Speedcat Ballet 'Metallic - Silver',women,2,Silver,Leather,,24,0,105.0,65
https://www.goat.com/sneakers/wmns-gazelle-bold-clear-mint-lucid-blue-satin-ji2702,2025-02-02,adidas,Wmns Gazelle Bold 'Clear Mint Lucid Blue Satin',women,6,Green,Satin,,26,0,144.0,92
https://www.goat.com/sneakers/wmns-mexico-66-tgrs-crystal-pink-1182a678-700,2025-03-20,Onitsuka Tiger,Wmns Mexico 66 TGRS 'Crystal Pink',women,4,Pink,Leather,,23,0,309.0,46
https://www.goat.com/sneakers/wmns-dunk-low-mushroom-ib8876-661,2025-05-01,Nike,Wmns Dunk Low LX 'Mushroom',women,7,Pink,Leather,,38,0,144.0,4
